subject,accuracy,balanced_accuracy,f1,mcc,run_accuracy_std,cm_11,cm_12,cm_21,cm_22
S001,0.6888888888888888,0.7053571428571429,0.6481481481481481,0.4633482043145937,0.07698003589195007,14,9,5,17
S002,0.888888888888889,0.8869047619047619,0.9029239766081871,0.7982194570734347,0.0769800358919501,22,1,4,18
S003,0.5333333333333333,0.5505952380952381,0.4982905982905983,0.14036655430123643,0.06666666666666665,12,11,10,12
S004,0.7333333333333334,0.7291666666666666,0.7484737484737485,0.5150124922468765,0.06666666666666672,18,5,7,15
S005,0.5333333333333333,0.5238095238095238,0.396078431372549,0.0537688095768043,0.06666666666666665,8,13,8,16
S006,0.5333333333333333,0.5327380952380952,0.44021739130434784,0.06547619047619048,0.06666666666666665,13,11,10,11
S007,0.9555555555555556,0.9553571428571429,0.9581699346405229,0.9159571869813231,0.03849001794597503,22,1,1,21
S008,0.39999999999999997,0.41964285714285715,0.48279790385053545,-0.17592425559610228,0.06666666666666668,14,8,19,4
S009,0.4666666666666666,0.45238095238095233,0.5692007797270955,-0.09912739220222973,0.11547005383792514,16,8,16,5
S010,0.7333333333333334,0.7351190476190476,0.7345029239766081,0.50456456389047,0.06666666666666674,17,7,5,16
