model,metric,historical_mean,current_mean,difference,current_fold_std,matches_at_1e_12
baseline_csp_lda,accuracy,0.6466666666666668,0.6466666666666668,0.0,0.18705214713316293,True
baseline_csp_lda,balanced_accuracy,0.6491071428571428,0.6491071428571428,0.0,0.18702511408090083,True
baseline_csp_lda,f1,0.637880383639234,0.637880383639234,0.0,0.23520714449227348,True
baseline_csp_lda,mcc,0.31816618110625966,0.31816618110625966,0.0,0.38594012700931385,True
fbcsp_lda,accuracy,0.6800000000000003,0.6800000000000003,0.0,0.139402116883392,True
fbcsp_lda,balanced_accuracy,0.6803571428571428,0.6803571428571428,0.0,0.13842811008173975,True
fbcsp_lda,f1,0.6421099263130493,0.6421099263130493,0.0,0.22687557374100845,True
fbcsp_lda,mcc,0.40453513462658974,0.40453513462658974,0.0,0.2713392944261044,True
riemannian_mdm,accuracy,0.6622222222222225,0.6622222222222225,0.0,0.1622951602154981,True
riemannian_mdm,balanced_accuracy,0.6642857142857143,0.6642857142857143,0.0,0.15912597747239351,True
riemannian_mdm,f1,0.6525189061024974,0.6525189061024974,0.0,0.21580330599316025,True
riemannian_mdm,mcc,0.36567711789801977,0.36567711789801977,0.0,0.3246663108432913,True
riemannian_tangent_space_lda,accuracy,0.5911111111111111,0.5911111111111111,0.0,0.16398610662890084,True
riemannian_tangent_space_lda,balanced_accuracy,0.5898809523809523,0.5898809523809523,0.0,0.16662524409013657,True
riemannian_tangent_space_lda,f1,0.5813238516492657,0.5813238516492657,0.0,0.2317297801524652,True
riemannian_tangent_space_lda,mcc,0.18470927390796102,0.18470927390796102,0.0,0.35428846532082553,True
