file,subject,channels,sampling_rate,samples,duration_seconds,two_second_windows
data/srm/ds003775/sub-001/ses-t1/eeg/sub-001_ses-t1_task-resteyesc_eeg.edf,sub-001,64,1024.0,245760,240.0,120
data/srm/ds003775/sub-002/ses-t1/eeg/sub-002_ses-t1_task-resteyesc_eeg.edf,sub-002,64,1024.0,245760,240.0,120
data/srm/ds003775/sub-002/ses-t2/eeg/sub-002_ses-t2_task-resteyesc_eeg.edf,sub-002,64,1024.0,245760,240.0,120
data/srm/ds003775/sub-003/ses-t1/eeg/sub-003_ses-t1_task-resteyesc_eeg.edf,sub-003,64,1024.0,245760,240.0,120
data/srm/ds003775/sub-003/ses-t2/eeg/sub-003_ses-t2_task-resteyesc_eeg.edf,sub-003,64,1024.0,245760,240.0,120
data/srm/ds003775/sub-004/ses-t1/eeg/sub-004_ses-t1_task-resteyesc_eeg.edf,sub-004,64,1024.0,245760,240.0,120
data/srm/ds003775/sub-005/ses-t1/eeg/sub-005_ses-t1_task-resteyesc_eeg.edf,sub-005,64,1024.0,245760,240.0,120
data/srm/ds003775/sub-005/ses-t2/eeg/sub-005_ses-t2_task-resteyesc_eeg.edf,sub-005,64,1024.0,245760,240.0,120
data/srm/ds003775/sub-006/ses-t1/eeg/sub-006_ses-t1_task-resteyesc_eeg.edf,sub-006,64,1024.0,245760,240.0,120
data/srm/ds003775/sub-007/ses-t1/eeg/sub-007_ses-t1_task-resteyesc_eeg.edf,sub-007,64,1024.0,245760,240.0,120
data/srm/ds003775/sub-007/ses-t2/eeg/sub-007_ses-t2_task-resteyesc_eeg.edf,sub-007,64,1024.0,245760,240.0,120
data/srm/ds003775/sub-008/ses-t1/eeg/sub-008_ses-t1_task-resteyesc_eeg.edf,sub-008,64,1024.0,245760,240.0,120
data/srm/ds003775/sub-009/ses-t1/eeg/sub-009_ses-t1_task-resteyesc_eeg.edf,sub-009,64,1024.0,245760,240.0,120
data/srm/ds003775/sub-010/ses-t1/eeg/sub-010_ses-t1_task-resteyesc_eeg.edf,sub-010,64,1024.0,245760,240.0,120
data/srm/ds003775/sub-011/ses-t1/eeg/sub-011_ses-t1_task-resteyesc_eeg.edf,sub-011,64,1024.0,245760,240.0,120
data/srm/ds003775/sub-011/ses-t2/eeg/sub-011_ses-t2_task-resteyesc_eeg.edf,sub-011,64,1024.0,245760,240.0,120
data/srm/ds003775/sub-012/ses-t1/eeg/sub-012_ses-t1_task-resteyesc_eeg.edf,sub-012,64,1024.0,245760,240.0,120
data/srm/ds003775/sub-013/ses-t1/eeg/sub-013_ses-t1_task-resteyesc_eeg.edf,sub-013,64,1024.0,245760,240.0,120
data/srm/ds003775/sub-014/ses-t1/eeg/sub-014_ses-t1_task-resteyesc_eeg.edf,sub-014,64,1024.0,245760,240.0,120
data/srm/ds003775/sub-015/ses-t1/eeg/sub-015_ses-t1_task-resteyesc_eeg.edf,sub-015,64,1024.0,245760,240.0,120
data/srm/ds003775/sub-016/ses-t1/eeg/sub-016_ses-t1_task-resteyesc_eeg.edf,sub-016,64,1024.0,245760,240.0,120
data/srm/ds003775/sub-017/ses-t1/eeg/sub-017_ses-t1_task-resteyesc_eeg.edf,sub-017,64,1024.0,245760,240.0,120
data/srm/ds003775/sub-018/ses-t1/eeg/sub-018_ses-t1_task-resteyesc_eeg.edf,sub-018,64,1024.0,245760,240.0,120
data/srm/ds003775/sub-019/ses-t1/eeg/sub-019_ses-t1_task-resteyesc_eeg.edf,sub-019,64,1024.0,245760,240.0,120
data/srm/ds003775/sub-020/ses-t1/eeg/sub-020_ses-t1_task-resteyesc_eeg.edf,sub-020,64,1024.0,245760,240.0,120
data/srm/ds003775/sub-020/ses-t2/eeg/sub-020_ses-t2_task-resteyesc_eeg.edf,sub-020,64,1024.0,245760,240.0,120
data/srm/ds003775/sub-021/ses-t1/eeg/sub-021_ses-t1_task-resteyesc_eeg.edf,sub-021,64,1024.0,245760,240.0,120
data/srm/ds003775/sub-021/ses-t2/eeg/sub-021_ses-t2_task-resteyesc_eeg.edf,sub-021,64,1024.0,245760,240.0,120
data/srm/ds003775/sub-022/ses-t1/eeg/sub-022_ses-t1_task-resteyesc_eeg.edf,sub-022,64,1024.0,245760,240.0,120
data/srm/ds003775/sub-023/ses-t1/eeg/sub-023_ses-t1_task-resteyesc_eeg.edf,sub-023,64,1024.0,245760,240.0,120
data/srm/ds003775/sub-024/ses-t1/eeg/sub-024_ses-t1_task-resteyesc_eeg.edf,sub-024,64,1024.0,245760,240.0,120
data/srm/ds003775/sub-025/ses-t1/eeg/sub-025_ses-t1_task-resteyesc_eeg.edf,sub-025,64,1024.0,245760,240.0,120
data/srm/ds003775/sub-026/ses-t1/eeg/sub-026_ses-t1_task-resteyesc_eeg.edf,sub-026,64,1024.0,245760,240.0,120
data/srm/ds003775/sub-026/ses-t2/eeg/sub-026_ses-t2_task-resteyesc_eeg.edf,sub-026,64,1024.0,245760,240.0,120
data/srm/ds003775/sub-027/ses-t1/eeg/sub-027_ses-t1_task-resteyesc_eeg.edf,sub-027,64,1024.0,245760,240.0,120
data/srm/ds003775/sub-027/ses-t2/eeg/sub-027_ses-t2_task-resteyesc_eeg.edf,sub-027,64,1024.0,245760,240.0,120
data/srm/ds003775/sub-028/ses-t1/eeg/sub-028_ses-t1_task-resteyesc_eeg.edf,sub-028,64,1024.0,245760,240.0,120
data/srm/ds003775/sub-028/ses-t2/eeg/sub-028_ses-t2_task-resteyesc_eeg.edf,sub-028,64,1024.0,245760,240.0,120
data/srm/ds003775/sub-029/ses-t1/eeg/sub-029_ses-t1_task-resteyesc_eeg.edf,sub-029,64,1024.0,245760,240.0,120
data/srm/ds003775/sub-030/ses-t1/eeg/sub-030_ses-t1_task-resteyesc_eeg.edf,sub-030,64,1024.0,245760,240.0,120
data/srm/ds003775/sub-030/ses-t2/eeg/sub-030_ses-t2_task-resteyesc_eeg.edf,sub-030,64,1024.0,245760,240.0,120
data/srm/ds003775/sub-031/ses-t1/eeg/sub-031_ses-t1_task-resteyesc_eeg.edf,sub-031,64,1024.0,245760,240.0,120
data/srm/ds003775/sub-032/ses-t1/eeg/sub-032_ses-t1_task-resteyesc_eeg.edf,sub-032,64,1024.0,245760,240.0,120
data/srm/ds003775/sub-032/ses-t2/eeg/sub-032_ses-t2_task-resteyesc_eeg.edf,sub-032,64,1024.0,245760,240.0,120
data/srm/ds003775/sub-033/ses-t1/eeg/sub-033_ses-t1_task-resteyesc_eeg.edf,sub-033,64,1024.0,245760,240.0,120
data/srm/ds003775/sub-034/ses-t1/eeg/sub-034_ses-t1_task-resteyesc_eeg.edf,sub-034,64,1024.0,245760,240.0,120
data/srm/ds003775/sub-035/ses-t1/eeg/sub-035_ses-t1_task-resteyesc_eeg.edf,sub-035,64,1024.0,245760,240.0,120
data/srm/ds003775/sub-036/ses-t1/eeg/sub-036_ses-t1_task-resteyesc_eeg.edf,sub-036,64,1024.0,245760,240.0,120
data/srm/ds003775/sub-037/ses-t1/eeg/sub-037_ses-t1_task-resteyesc_eeg.edf,sub-037,64,1024.0,245760,240.0,120
data/srm/ds003775/sub-038/ses-t1/eeg/sub-038_ses-t1_task-resteyesc_eeg.edf,sub-038,64,1024.0,245760,240.0,120
data/srm/ds003775/sub-038/ses-t2/eeg/sub-038_ses-t2_task-resteyesc_eeg.edf,sub-038,64,1024.0,245760,240.0,120
data/srm/ds003775/sub-039/ses-t1/eeg/sub-039_ses-t1_task-resteyesc_eeg.edf,sub-039,64,1024.0,245760,240.0,120
data/srm/ds003775/sub-040/ses-t1/eeg/sub-040_ses-t1_task-resteyesc_eeg.edf,sub-040,64,1024.0,245760,240.0,120
data/srm/ds003775/sub-042/ses-t1/eeg/sub-042_ses-t1_task-resteyesc_eeg.edf,sub-042,64,1024.0,245760,240.0,120
data/srm/ds003775/sub-042/ses-t2/eeg/sub-042_ses-t2_task-resteyesc_eeg.edf,sub-042,64,1024.0,245760,240.0,120
data/srm/ds003775/sub-043/ses-t1/eeg/sub-043_ses-t1_task-resteyesc_eeg.edf,sub-043,64,1024.0,245760,240.0,120
data/srm/ds003775/sub-043/ses-t2/eeg/sub-043_ses-t2_task-resteyesc_eeg.edf,sub-043,64,1024.0,245760,240.0,120
data/srm/ds003775/sub-044/ses-t1/eeg/sub-044_ses-t1_task-resteyesc_eeg.edf,sub-044,64,1024.0,245760,240.0,120
data/srm/ds003775/sub-045/ses-t1/eeg/sub-045_ses-t1_task-resteyesc_eeg.edf,sub-045,64,1024.0,245760,240.0,120
data/srm/ds003775/sub-046/ses-t1/eeg/sub-046_ses-t1_task-resteyesc_eeg.edf,sub-046,64,1024.0,245760,240.0,120
data/srm/ds003775/sub-046/ses-t2/eeg/sub-046_ses-t2_task-resteyesc_eeg.edf,sub-046,64,1024.0,245760,240.0,120
data/srm/ds003775/sub-047/ses-t1/eeg/sub-047_ses-t1_task-resteyesc_eeg.edf,sub-047,64,1024.0,245760,240.0,120
data/srm/ds003775/sub-047/ses-t2/eeg/sub-047_ses-t2_task-resteyesc_eeg.edf,sub-047,64,1024.0,245760,240.0,120
data/srm/ds003775/sub-048/ses-t1/eeg/sub-048_ses-t1_task-resteyesc_eeg.edf,sub-048,64,1024.0,245760,240.0,120
data/srm/ds003775/sub-048/ses-t2/eeg/sub-048_ses-t2_task-resteyesc_eeg.edf,sub-048,64,1024.0,245760,240.0,120
data/srm/ds003775/sub-049/ses-t1/eeg/sub-049_ses-t1_task-resteyesc_eeg.edf,sub-049,64,1024.0,245760,240.0,120
data/srm/ds003775/sub-050/ses-t1/eeg/sub-050_ses-t1_task-resteyesc_eeg.edf,sub-050,64,1024.0,245760,240.0,120
data/srm/ds003775/sub-051/ses-t1/eeg/sub-051_ses-t1_task-resteyesc_eeg.edf,sub-051,64,1024.0,245760,240.0,120
data/srm/ds003775/sub-051/ses-t2/eeg/sub-051_ses-t2_task-resteyesc_eeg.edf,sub-051,64,1024.0,245760,240.0,120
data/srm/ds003775/sub-052/ses-t1/eeg/sub-052_ses-t1_task-resteyesc_eeg.edf,sub-052,64,1024.0,245760,240.0,120
data/srm/ds003775/sub-053/ses-t1/eeg/sub-053_ses-t1_task-resteyesc_eeg.edf,sub-053,64,1024.0,245760,240.0,120
data/srm/ds003775/sub-054/ses-t1/eeg/sub-054_ses-t1_task-resteyesc_eeg.edf,sub-054,64,1024.0,245760,240.0,120
data/srm/ds003775/sub-055/ses-t1/eeg/sub-055_ses-t1_task-resteyesc_eeg.edf,sub-055,64,1024.0,245760,240.0,120
data/srm/ds003775/sub-056/ses-t1/eeg/sub-056_ses-t1_task-resteyesc_eeg.edf,sub-056,64,1024.0,245760,240.0,120
data/srm/ds003775/sub-057/ses-t1/eeg/sub-057_ses-t1_task-resteyesc_eeg.edf,sub-057,64,1024.0,245760,240.0,120
data/srm/ds003775/sub-058/ses-t1/eeg/sub-058_ses-t1_task-resteyesc_eeg.edf,sub-058,64,1024.0,245760,240.0,120
data/srm/ds003775/sub-058/ses-t2/eeg/sub-058_ses-t2_task-resteyesc_eeg.edf,sub-058,64,1024.0,245760,240.0,120
data/srm/ds003775/sub-059/ses-t1/eeg/sub-059_ses-t1_task-resteyesc_eeg.edf,sub-059,64,1024.0,245760,240.0,120
data/srm/ds003775/sub-060/ses-t1/eeg/sub-060_ses-t1_task-resteyesc_eeg.edf,sub-060,64,1024.0,245760,240.0,120
data/srm/ds003775/sub-060/ses-t2/eeg/sub-060_ses-t2_task-resteyesc_eeg.edf,sub-060,64,1024.0,245760,240.0,120
data/srm/ds003775/sub-061/ses-t1/eeg/sub-061_ses-t1_task-resteyesc_eeg.edf,sub-061,64,1024.0,245760,240.0,120
data/srm/ds003775/sub-062/ses-t1/eeg/sub-062_ses-t1_task-resteyesc_eeg.edf,sub-062,64,1024.0,245760,240.0,120
data/srm/ds003775/sub-063/ses-t1/eeg/sub-063_ses-t1_task-resteyesc_eeg.edf,sub-063,64,1024.0,245760,240.0,120
data/srm/ds003775/sub-064/ses-t1/eeg/sub-064_ses-t1_task-resteyesc_eeg.edf,sub-064,64,1024.0,245760,240.0,120
data/srm/ds003775/sub-064/ses-t2/eeg/sub-064_ses-t2_task-resteyesc_eeg.edf,sub-064,64,1024.0,245760,240.0,120
data/srm/ds003775/sub-065/ses-t1/eeg/sub-065_ses-t1_task-resteyesc_eeg.edf,sub-065,64,1024.0,245760,240.0,120
data/srm/ds003775/sub-066/ses-t1/eeg/sub-066_ses-t1_task-resteyesc_eeg.edf,sub-066,64,1024.0,245760,240.0,120
data/srm/ds003775/sub-067/ses-t1/eeg/sub-067_ses-t1_task-resteyesc_eeg.edf,sub-067,64,1024.0,245760,240.0,120
data/srm/ds003775/sub-068/ses-t1/eeg/sub-068_ses-t1_task-resteyesc_eeg.edf,sub-068,64,1024.0,245760,240.0,120
data/srm/ds003775/sub-068/ses-t2/eeg/sub-068_ses-t2_task-resteyesc_eeg.edf,sub-068,64,1024.0,245760,240.0,120
data/srm/ds003775/sub-069/ses-t1/eeg/sub-069_ses-t1_task-resteyesc_eeg.edf,sub-069,64,1024.0,245760,240.0,120
data/srm/ds003775/sub-069/ses-t2/eeg/sub-069_ses-t2_task-resteyesc_eeg.edf,sub-069,64,1024.0,245760,240.0,120
data/srm/ds003775/sub-070/ses-t1/eeg/sub-070_ses-t1_task-resteyesc_eeg.edf,sub-070,64,1024.0,245760,240.0,120
data/srm/ds003775/sub-070/ses-t2/eeg/sub-070_ses-t2_task-resteyesc_eeg.edf,sub-070,64,1024.0,245760,240.0,120
data/srm/ds003775/sub-071/ses-t1/eeg/sub-071_ses-t1_task-resteyesc_eeg.edf,sub-071,64,1024.0,245760,240.0,120
data/srm/ds003775/sub-071/ses-t2/eeg/sub-071_ses-t2_task-resteyesc_eeg.edf,sub-071,64,1024.0,245760,240.0,120
data/srm/ds003775/sub-072/ses-t1/eeg/sub-072_ses-t1_task-resteyesc_eeg.edf,sub-072,64,1024.0,245760,240.0,120
data/srm/ds003775/sub-073/ses-t1/eeg/sub-073_ses-t1_task-resteyesc_eeg.edf,sub-073,64,1024.0,245760,240.0,120
data/srm/ds003775/sub-074/ses-t1/eeg/sub-074_ses-t1_task-resteyesc_eeg.edf,sub-074,64,1024.0,245760,240.0,120
data/srm/ds003775/sub-074/ses-t2/eeg/sub-074_ses-t2_task-resteyesc_eeg.edf,sub-074,64,1024.0,245760,240.0,120
data/srm/ds003775/sub-075/ses-t1/eeg/sub-075_ses-t1_task-resteyesc_eeg.edf,sub-075,64,1024.0,245760,240.0,120
data/srm/ds003775/sub-075/ses-t2/eeg/sub-075_ses-t2_task-resteyesc_eeg.edf,sub-075,64,1024.0,245760,240.0,120
data/srm/ds003775/sub-076/ses-t1/eeg/sub-076_ses-t1_task-resteyesc_eeg.edf,sub-076,64,1024.0,245760,240.0,120
data/srm/ds003775/sub-076/ses-t2/eeg/sub-076_ses-t2_task-resteyesc_eeg.edf,sub-076,64,1024.0,245760,240.0,120
data/srm/ds003775/sub-077/ses-t1/eeg/sub-077_ses-t1_task-resteyesc_eeg.edf,sub-077,64,1024.0,245760,240.0,120
data/srm/ds003775/sub-077/ses-t2/eeg/sub-077_ses-t2_task-resteyesc_eeg.edf,sub-077,64,1024.0,245760,240.0,120
data/srm/ds003775/sub-078/ses-t1/eeg/sub-078_ses-t1_task-resteyesc_eeg.edf,sub-078,64,1024.0,245760,240.0,120
data/srm/ds003775/sub-079/ses-t1/eeg/sub-079_ses-t1_task-resteyesc_eeg.edf,sub-079,64,1024.0,245760,240.0,120
data/srm/ds003775/sub-080/ses-t1/eeg/sub-080_ses-t1_task-resteyesc_eeg.edf,sub-080,64,1024.0,245760,240.0,120
data/srm/ds003775/sub-081/ses-t1/eeg/sub-081_ses-t1_task-resteyesc_eeg.edf,sub-081,64,1024.0,245760,240.0,120
data/srm/ds003775/sub-082/ses-t1/eeg/sub-082_ses-t1_task-resteyesc_eeg.edf,sub-082,64,1024.0,245760,240.0,120
data/srm/ds003775/sub-082/ses-t2/eeg/sub-082_ses-t2_task-resteyesc_eeg.edf,sub-082,64,1024.0,245760,240.0,120
data/srm/ds003775/sub-083/ses-t1/eeg/sub-083_ses-t1_task-resteyesc_eeg.edf,sub-083,64,1024.0,245760,240.0,120
data/srm/ds003775/sub-084/ses-t1/eeg/sub-084_ses-t1_task-resteyesc_eeg.edf,sub-084,64,1024.0,245760,240.0,120
data/srm/ds003775/sub-084/ses-t2/eeg/sub-084_ses-t2_task-resteyesc_eeg.edf,sub-084,64,1024.0,245760,240.0,120
data/srm/ds003775/sub-085/ses-t1/eeg/sub-085_ses-t1_task-resteyesc_eeg.edf,sub-085,64,1024.0,245760,240.0,120
data/srm/ds003775/sub-085/ses-t2/eeg/sub-085_ses-t2_task-resteyesc_eeg.edf,sub-085,64,1024.0,245760,240.0,120
data/srm/ds003775/sub-086/ses-t1/eeg/sub-086_ses-t1_task-resteyesc_eeg.edf,sub-086,64,1024.0,245760,240.0,120
data/srm/ds003775/sub-087/ses-t1/eeg/sub-087_ses-t1_task-resteyesc_eeg.edf,sub-087,64,1024.0,245760,240.0,120
data/srm/ds003775/sub-087/ses-t2/eeg/sub-087_ses-t2_task-resteyesc_eeg.edf,sub-087,64,1024.0,245760,240.0,120
data/srm/ds003775/sub-088/ses-t1/eeg/sub-088_ses-t1_task-resteyesc_eeg.edf,sub-088,64,1024.0,245760,240.0,120
data/srm/ds003775/sub-089/ses-t1/eeg/sub-089_ses-t1_task-resteyesc_eeg.edf,sub-089,64,1024.0,245760,240.0,120
data/srm/ds003775/sub-090/ses-t1/eeg/sub-090_ses-t1_task-resteyesc_eeg.edf,sub-090,64,1024.0,245760,240.0,120
data/srm/ds003775/sub-091/ses-t1/eeg/sub-091_ses-t1_task-resteyesc_eeg.edf,sub-091,64,1024.0,245760,240.0,120
data/srm/ds003775/sub-091/ses-t2/eeg/sub-091_ses-t2_task-resteyesc_eeg.edf,sub-091,64,1024.0,245760,240.0,120
data/srm/ds003775/sub-092/ses-t1/eeg/sub-092_ses-t1_task-resteyesc_eeg.edf,sub-092,64,1024.0,245760,240.0,120
data/srm/ds003775/sub-093/ses-t1/eeg/sub-093_ses-t1_task-resteyesc_eeg.edf,sub-093,64,1024.0,245760,240.0,120
data/srm/ds003775/sub-094/ses-t1/eeg/sub-094_ses-t1_task-resteyesc_eeg.edf,sub-094,64,1024.0,245760,240.0,120
data/srm/ds003775/sub-094/ses-t2/eeg/sub-094_ses-t2_task-resteyesc_eeg.edf,sub-094,64,1024.0,245760,240.0,120
data/srm/ds003775/sub-095/ses-t1/eeg/sub-095_ses-t1_task-resteyesc_eeg.edf,sub-095,64,1024.0,245760,240.0,120
data/srm/ds003775/sub-096/ses-t1/eeg/sub-096_ses-t1_task-resteyesc_eeg.edf,sub-096,64,1024.0,245760,240.0,120
data/srm/ds003775/sub-097/ses-t1/eeg/sub-097_ses-t1_task-resteyesc_eeg.edf,sub-097,64,1024.0,245760,240.0,120
data/srm/ds003775/sub-097/ses-t2/eeg/sub-097_ses-t2_task-resteyesc_eeg.edf,sub-097,64,1024.0,245760,240.0,120
data/srm/ds003775/sub-098/ses-t1/eeg/sub-098_ses-t1_task-resteyesc_eeg.edf,sub-098,64,1024.0,245760,240.0,120
data/srm/ds003775/sub-099/ses-t1/eeg/sub-099_ses-t1_task-resteyesc_eeg.edf,sub-099,64,1024.0,245760,240.0,120
data/srm/ds003775/sub-100/ses-t1/eeg/sub-100_ses-t1_task-resteyesc_eeg.edf,sub-100,64,1024.0,245760,240.0,120
data/srm/ds003775/sub-101/ses-t1/eeg/sub-101_ses-t1_task-resteyesc_eeg.edf,sub-101,64,1024.0,245760,240.0,120
data/srm/ds003775/sub-101/ses-t2/eeg/sub-101_ses-t2_task-resteyesc_eeg.edf,sub-101,64,1024.0,245760,240.0,120
data/srm/ds003775/sub-102/ses-t1/eeg/sub-102_ses-t1_task-resteyesc_eeg.edf,sub-102,64,1024.0,245760,240.0,120
data/srm/ds003775/sub-103/ses-t1/eeg/sub-103_ses-t1_task-resteyesc_eeg.edf,sub-103,64,1024.0,245760,240.0,120
data/srm/ds003775/sub-104/ses-t1/eeg/sub-104_ses-t1_task-resteyesc_eeg.edf,sub-104,64,1024.0,245760,240.0,120
data/srm/ds003775/sub-104/ses-t2/eeg/sub-104_ses-t2_task-resteyesc_eeg.edf,sub-104,64,1024.0,245760,240.0,120
data/srm/ds003775/sub-105/ses-t1/eeg/sub-105_ses-t1_task-resteyesc_eeg.edf,sub-105,64,1024.0,245760,240.0,120
data/srm/ds003775/sub-105/ses-t2/eeg/sub-105_ses-t2_task-resteyesc_eeg.edf,sub-105,64,1024.0,245760,240.0,120
data/srm/ds003775/sub-106/ses-t1/eeg/sub-106_ses-t1_task-resteyesc_eeg.edf,sub-106,64,1024.0,245760,240.0,120
data/srm/ds003775/sub-106/ses-t2/eeg/sub-106_ses-t2_task-resteyesc_eeg.edf,sub-106,64,1024.0,245760,240.0,120
data/srm/ds003775/sub-107/ses-t1/eeg/sub-107_ses-t1_task-resteyesc_eeg.edf,sub-107,64,1024.0,245760,240.0,120
data/srm/ds003775/sub-108/ses-t1/eeg/sub-108_ses-t1_task-resteyesc_eeg.edf,sub-108,64,1024.0,245760,240.0,120
data/srm/ds003775/sub-109/ses-t1/eeg/sub-109_ses-t1_task-resteyesc_eeg.edf,sub-109,64,1024.0,245760,240.0,120
data/srm/ds003775/sub-110/ses-t1/eeg/sub-110_ses-t1_task-resteyesc_eeg.edf,sub-110,64,1024.0,245760,240.0,120
data/srm/ds003775/sub-110/ses-t2/eeg/sub-110_ses-t2_task-resteyesc_eeg.edf,sub-110,64,1024.0,245760,240.0,120
data/srm/ds003775/sub-111/ses-t1/eeg/sub-111_ses-t1_task-resteyesc_eeg.edf,sub-111,64,1024.0,245760,240.0,120
