variant,subject,accuracy,balanced_accuracy,f1,mcc,run_accuracy_std,cm_11,cm_12,cm_21,cm_22
8-12,S001,0.7555555555555555,0.7678571428571429,0.734827264239029,0.5721680518716322,0.038490017945975105,16,7,4,18
8-12,S002,0.9333333333333332,0.9285714285714285,0.9248366013071895,0.8762668356541413,0.06666666666666665,21,2,1,21
8-12,S003,0.6222222222222222,0.630952380952381,0.5833333333333334,0.26332827303847606,0.13877773329774218,13,10,7,15
8-12,S004,0.7999999999999999,0.7976190476190478,0.8018207282913165,0.6004809965051326,0.11547005383792516,19,4,5,17
8-12,S005,0.48888888888888893,0.4791666666666667,0.3751803751803752,-0.041876180493203075,0.03849001794597505,7,14,9,15
8-12,S006,0.6,0.5922619047619048,0.646031746031746,0.20254868605830811,0.0,17,7,11,10
8-12,S007,0.9555555555555556,0.9553571428571429,0.9521367521367522,0.9159571869813231,0.03849001794597505,21,2,0,22
8-12,S008,0.3333333333333333,0.3541666666666667,0.37878787878787873,-0.3290443769770303,0.13333333333333336,11,11,19,4
8-12,S009,0.48888888888888893,0.4910714285714286,0.47822547822547823,-0.021751821506976025,0.10183501544346309,11,13,10,11
8-12,S010,0.7555555555555555,0.7589285714285715,0.7501017501017501,0.5380608933655782,0.10183501544346318,17,7,4,17
12-30,S001,0.7333333333333334,0.7410714285714285,0.6704184704184705,0.49097211174730887,0.20000000000000004,14,9,3,19
12-30,S002,0.9111111111111111,0.9047619047619048,0.921727395411606,0.8391766440547578,0.10183501544346307,22,1,3,19
12-30,S003,0.6444444444444445,0.6398809523809524,0.5969410706252811,0.3093772419924082,0.16777409856157222,14,9,7,15
12-30,S004,0.7777777777777778,0.7738095238095237,0.796092796092796,0.6042982065325907,0.10183501544346318,19,4,6,16
12-30,S005,0.6666666666666666,0.6696428571428571,0.6290563008829263,0.42166186034824577,0.0,15,6,9,15
12-30,S006,0.5333333333333333,0.5386904761904762,0.42717025325720975,0.12787687365207073,0.0,11,13,8,13
12-30,S007,0.9111111111111111,0.9077380952380952,0.9251461988304094,0.8398861237401013,0.1018350154434631,22,1,3,19
12-30,S008,0.5555555555555555,0.5595238095238095,0.5707070707070706,0.1736820627607384,0.1018350154434631,14,8,12,11
12-30,S009,0.4666666666666666,0.4553571428571428,0.5378490790255497,-0.04461579862937525,0.17638342073763935,15,9,15,6
12-30,S010,0.7333333333333334,0.7261904761904763,0.7701238390092878,0.4689532240484933,0.06666666666666674,20,4,8,13
8-20,S001,0.7555555555555555,0.7648809523809524,0.7394670688788336,0.5436429820061516,0.20367003088692626,17,6,5,17
8-20,S002,0.8666666666666667,0.8630952380952381,0.878062678062678,0.7401090507351679,0.1154700538379252,20,3,3,19
8-20,S003,0.48888888888888893,0.5208333333333334,0.28619528619528617,0.08333333333333333,0.038490017945975036,8,15,8,14
8-20,S004,0.8666666666666667,0.8660714285714285,0.8772875816993464,0.7357473517639453,0.06666666666666665,21,2,4,18
8-20,S005,0.5777777777777778,0.574404761904762,0.5317427670368847,0.1638401168406972,0.07698003589195007,11,10,9,15
8-20,S006,0.48888888888888893,0.4880952380952381,0.4568627450980392,-0.014659693239907337,0.10183501544346309,12,12,11,10
8-20,S007,0.9555555555555556,0.9553571428571429,0.9581699346405229,0.9159571869813231,0.03849001794597503,22,1,1,21
8-20,S008,0.39999999999999997,0.4226190476190476,0.44311536416799574,-0.18097356371503495,0.06666666666666668,13,9,18,5
8-20,S009,0.5111111111111111,0.5,0.5776556776556777,-0.023987547722015442,0.10183501544346309,16,8,14,7
8-20,S010,0.7111111111111111,0.7172619047619048,0.6866096866096866,0.4714987130295092,0.03849001794597505,15,9,4,17
8-30,S001,0.6888888888888888,0.7053571428571429,0.6481481481481481,0.4633482043145937,0.07698003589195007,14,9,5,17
8-30,S002,0.888888888888889,0.8869047619047619,0.9029239766081871,0.7982194570734347,0.0769800358919501,22,1,4,18
8-30,S003,0.5333333333333333,0.5505952380952381,0.4982905982905983,0.14036655430123643,0.06666666666666665,12,11,10,12
8-30,S004,0.7333333333333334,0.7291666666666666,0.7484737484737485,0.5150124922468765,0.06666666666666672,18,5,7,15
8-30,S005,0.5333333333333333,0.5238095238095238,0.396078431372549,0.0537688095768043,0.06666666666666665,8,13,8,16
8-30,S006,0.5333333333333333,0.5327380952380952,0.44021739130434784,0.06547619047619048,0.06666666666666665,13,11,10,11
8-30,S007,0.9555555555555556,0.9553571428571429,0.9581699346405229,0.9159571869813231,0.03849001794597503,22,1,1,21
8-30,S008,0.39999999999999997,0.41964285714285715,0.48279790385053545,-0.17592425559610228,0.06666666666666668,14,8,19,4
8-30,S009,0.4666666666666666,0.45238095238095233,0.5692007797270955,-0.09912739220222973,0.11547005383792514,16,8,16,5
8-30,S010,0.7333333333333334,0.7351190476190476,0.7345029239766081,0.50456456389047,0.06666666666666674,17,7,5,16
