threshold,total_predictions,accepted_predictions,rejected_predictions,acceptance_rate,rejection_rate,correct_accepted,incorrect_accepted,accepted_command_accuracy,false_command_rate,conditional_false_command_rate
0.5,450,450,0,1.0,0.0,291,159,0.6466666666666666,0.35333333333333333,0.35333333333333333
0.55,450,412,38,0.9155555555555556,0.08444444444444445,272,140,0.6601941747572816,0.3111111111111111,0.33980582524271846
0.6,450,380,70,0.8444444444444444,0.15555555555555556,259,121,0.6815789473684211,0.2688888888888889,0.31842105263157894
0.65,450,348,102,0.7733333333333333,0.22666666666666666,243,105,0.6982758620689655,0.23333333333333334,0.3017241379310345
0.7,450,319,131,0.7088888888888889,0.2911111111111111,227,92,0.7115987460815048,0.20444444444444446,0.2884012539184953
0.75,450,287,163,0.6377777777777778,0.3622222222222222,213,74,0.7421602787456446,0.16444444444444445,0.2578397212543554
0.8,450,252,198,0.56,0.44,193,59,0.7658730158730159,0.13111111111111112,0.23412698412698413
0.85,450,213,237,0.47333333333333333,0.5266666666666666,173,40,0.812206572769953,0.08888888888888889,0.18779342723004694
0.9,450,187,263,0.41555555555555557,0.5844444444444444,156,31,0.8342245989304813,0.06888888888888889,0.1657754010695187
0.95,450,146,304,0.3244444444444444,0.6755555555555556,127,19,0.8698630136986302,0.042222222222222223,0.13013698630136986
