variant,subject,test_run,train_runs,train_trials,test_trials,accuracy,balanced_accuracy,f1,mcc,cm_11,cm_12,cm_21,cm_22
baseline,S001,R04,R08+R12,30,15,0.7333333333333333,0.75,0.6666666666666666,0.5640760748177662,4,4,0,7
baseline,S001,R08,R04+R12,30,15,0.6,0.6160714285714286,0.5,0.2618924633082486,3,5,1,6
baseline,S001,R12,R04+R08,30,15,0.7333333333333333,0.75,0.7777777777777778,0.5640760748177662,7,0,4,4
baseline,S002,R04,R08+R12,30,15,0.9333333333333333,0.9375,0.9333333333333333,0.875,7,0,1,7
baseline,S002,R08,R04+R12,30,15,0.9333333333333333,0.9375,0.9333333333333333,0.875,7,1,0,7
baseline,S002,R12,R04+R08,30,15,0.8,0.7857142857142857,0.8421052631578947,0.6446583712203042,8,0,3,4
baseline,S003,R04,R08+R12,30,15,0.4666666666666667,0.48214285714285715,0.3333333333333333,-0.040291148201269014,2,6,2,5
baseline,S003,R08,R04+R12,30,15,0.6,0.625,0.7,0.36689969285267143,7,0,6,2
baseline,S003,R12,R04+R08,30,15,0.5333333333333333,0.5446428571428572,0.46153846153846156,0.09449111825230681,3,5,2,5
baseline,S004,R04,R08+R12,30,15,0.6666666666666666,0.6428571428571428,0.7619047619047619,0.4193139346887673,8,0,5,2
baseline,S004,R08,R04+R12,30,15,0.7333333333333333,0.7321428571428572,0.7142857142857143,0.4642857142857143,5,2,2,6
baseline,S004,R12,R04+R08,30,15,0.8,0.8125,0.7692307692307693,0.6614378277661477,5,3,0,7
baseline,S005,R04,R08+R12,30,15,0.6,0.5803571428571428,0.4,0.2004459314343183,2,5,1,7
baseline,S005,R08,R04+R12,30,15,0.4666666666666667,0.4464285714285714,0.2,-0.1336306209562122,1,6,2,6
baseline,S005,R12,R04+R08,30,15,0.5333333333333333,0.5446428571428572,0.5882352941176471,0.09449111825230681,5,2,5,3
baseline,S006,R04,R08+R12,30,15,0.4666666666666667,0.5,0.0,0.0,0,8,0,7
baseline,S006,R08,R04+R12,30,15,0.5333333333333333,0.5,0.6956521739130435,0.0,8,0,7,0
baseline,S006,R12,R04+R08,30,15,0.6,0.5982142857142857,0.625,0.19642857142857142,5,3,3,4
baseline,S007,R04,R08+R12,30,15,0.9333333333333333,0.9285714285714286,0.9411764705882353,0.8728715609439694,8,0,1,6
baseline,S007,R08,R04+R12,30,15,0.9333333333333333,0.9375,0.9333333333333333,0.875,7,1,0,7
baseline,S007,R12,R04+R08,30,15,1.0,1.0,1.0,1.0,7,0,0,8
baseline,S008,R04,R08+R12,30,15,0.4666666666666667,0.5,0.6363636363636364,0.0,7,0,8,0
baseline,S008,R08,R04+R12,30,15,0.4,0.41964285714285715,0.5263157894736842,-0.2004459314343183,5,2,7,1
baseline,S008,R12,R04+R08,30,15,0.3333333333333333,0.3392857142857143,0.2857142857142857,-0.32732683535398854,2,6,4,3
baseline,S009,R04,R08+R12,30,15,0.3333333333333333,0.3214285714285714,0.4444444444444444,-0.37796447300922725,4,4,6,1
baseline,S009,R08,R04+R12,30,15,0.5333333333333333,0.5178571428571428,0.631578947368421,0.040291148201269014,6,2,5,2
baseline,S009,R12,R04+R08,30,15,0.5333333333333333,0.5178571428571428,0.631578947368421,0.040291148201269014,6,2,5,2
baseline,S010,R04,R08+R12,30,15,0.8,0.8035714285714286,0.8,0.6071428571428571,6,2,1,6
baseline,S010,R08,R04+R12,30,15,0.6666666666666666,0.6517857142857143,0.7368421052631579,0.3424747597107866,7,1,4,3
baseline,S010,R12,R04+R08,30,15,0.7333333333333333,0.75,0.6666666666666666,0.5640760748177662,4,4,0,7
anterior_midline,S001,R04,R08+R12,30,15,0.7333333333333333,0.75,0.6666666666666666,0.5640760748177662,4,4,0,7
anterior_midline,S001,R08,R04+R12,30,15,0.5333333333333333,0.5357142857142857,0.5333333333333333,0.07142857142857142,4,4,3,4
anterior_midline,S001,R12,R04+R08,30,15,0.5333333333333333,0.5625,0.6666666666666666,0.25,7,0,7,1
anterior_midline,S002,R04,R08+R12,30,15,0.8,0.8035714285714286,0.8,0.6071428571428571,6,1,2,6
anterior_midline,S002,R08,R04+R12,30,15,0.8,0.8035714285714286,0.8,0.6071428571428571,6,2,1,6
anterior_midline,S002,R12,R04+R08,30,15,0.7333333333333333,0.7232142857142857,0.7777777777777778,0.472455591261534,7,1,3,4
anterior_midline,S003,R04,R08+R12,30,15,0.6,0.5982142857142857,0.625,0.19642857142857142,5,3,3,4
anterior_midline,S003,R08,R04+R12,30,15,0.5333333333333333,0.5625,0.6666666666666666,0.25,7,0,7,1
anterior_midline,S003,R12,R04+R08,30,15,0.6,0.6071428571428572,0.5714285714285714,0.21821789023599236,4,4,2,5
anterior_midline,S004,R04,R08+R12,30,15,0.8666666666666667,0.8571428571428572,0.8888888888888888,0.7559289460184545,8,0,2,5
anterior_midline,S004,R08,R04+R12,30,15,0.8,0.8035714285714286,0.8,0.6071428571428571,6,1,2,6
anterior_midline,S004,R12,R04+R08,30,15,0.6666666666666666,0.6875,0.5454545454545454,0.46770717334674267,3,5,0,7
anterior_midline,S005,R04,R08+R12,30,15,0.6666666666666666,0.6607142857142857,0.6153846153846154,0.32732683535398854,4,3,2,6
anterior_midline,S005,R08,R04+R12,30,15,0.6,0.5803571428571428,0.4,0.2004459314343183,2,5,1,7
anterior_midline,S005,R12,R04+R08,30,15,0.6,0.6160714285714286,0.6666666666666666,0.2618924633082486,6,1,5,3
anterior_midline,S006,R04,R08+R12,30,15,0.26666666666666666,0.2857142857142857,0.0,-0.5345224838248488,0,8,3,4
anterior_midline,S006,R08,R04+R12,30,15,0.6,0.5714285714285714,0.7272727272727273,0.2857142857142857,8,0,6,1
anterior_midline,S006,R12,R04+R08,30,15,0.6666666666666666,0.6517857142857143,0.7368421052631579,0.3424747597107866,7,1,4,3
anterior_midline,S007,R04,R08+R12,30,15,0.8666666666666667,0.8571428571428572,0.8888888888888888,0.7559289460184545,8,0,2,5
anterior_midline,S007,R08,R04+R12,30,15,0.9333333333333333,0.9375,0.9333333333333333,0.875,7,1,0,7
anterior_midline,S007,R12,R04+R08,30,15,1.0,1.0,1.0,1.0,7,0,0,8
anterior_midline,S008,R04,R08+R12,30,15,0.5333333333333333,0.5625,0.6666666666666666,0.25,7,0,7,1
anterior_midline,S008,R08,R04+R12,30,15,0.4666666666666667,0.4732142857142857,0.5,-0.05455447255899809,4,3,5,3
anterior_midline,S008,R12,R04+R08,30,15,0.6666666666666666,0.6607142857142857,0.7058823529411765,0.32732683535398854,6,2,3,4
anterior_midline,S009,R04,R08+R12,30,15,0.4666666666666667,0.4375,0.6363636363636364,-0.25,7,1,7,0
anterior_midline,S009,R08,R04+R12,30,15,0.8,0.8125,0.7692307692307693,0.6614378277661477,5,3,0,7
anterior_midline,S009,R12,R04+R08,30,15,0.5333333333333333,0.5178571428571428,0.631578947368421,0.040291148201269014,6,2,5,2
anterior_midline,S010,R04,R08+R12,30,15,0.8666666666666667,0.875,0.8571428571428571,0.7637626158259733,6,2,0,7
anterior_midline,S010,R08,R04+R12,30,15,0.7333333333333333,0.7232142857142857,0.7777777777777778,0.472455591261534,7,1,3,4
anterior_midline,S010,R12,R04+R08,30,15,0.8,0.8035714285714286,0.8,0.6071428571428571,6,2,1,6
posterior_midline,S001,R04,R08+R12,30,15,1.0,1.0,1.0,1.0,8,0,0,7
posterior_midline,S001,R08,R04+R12,30,15,0.5333333333333333,0.5357142857142857,0.5333333333333333,0.07142857142857142,4,4,3,4
posterior_midline,S001,R12,R04+R08,30,15,0.8,0.8125,0.8235294117647058,0.6614378277661477,7,0,3,5
posterior_midline,S002,R04,R08+R12,30,15,0.8666666666666667,0.8660714285714286,0.8571428571428571,0.7321428571428571,6,1,1,7
posterior_midline,S002,R08,R04+R12,30,15,1.0,1.0,1.0,1.0,8,0,0,7
posterior_midline,S002,R12,R04+R08,30,15,0.7333333333333333,0.7232142857142857,0.7777777777777778,0.472455591261534,7,1,3,4
posterior_midline,S003,R04,R08+R12,30,15,0.7333333333333333,0.75,0.6666666666666666,0.5640760748177662,4,4,0,7
posterior_midline,S003,R08,R04+R12,30,15,0.7333333333333333,0.7142857142857143,0.6,0.5345224838248488,3,4,0,8
posterior_midline,S003,R12,R04+R08,30,15,0.5333333333333333,0.5446428571428572,0.46153846153846156,0.09449111825230681,3,5,2,5
posterior_midline,S004,R04,R08+R12,30,15,0.6,0.5714285714285714,0.7272727272727273,0.2857142857142857,8,0,6,1
posterior_midline,S004,R08,R04+R12,30,15,0.6,0.5982142857142857,0.5714285714285714,0.19642857142857142,4,3,3,5
posterior_midline,S004,R12,R04+R08,30,15,0.7333333333333333,0.75,0.6666666666666666,0.5640760748177662,4,4,0,7
posterior_midline,S005,R04,R08+R12,30,15,0.5333333333333333,0.5267857142857143,0.46153846153846156,0.05455447255899809,3,4,3,5
posterior_midline,S005,R08,R04+R12,30,15,0.4666666666666667,0.4375,0.0,-0.25,0,7,1,7
posterior_midline,S005,R12,R04+R08,30,15,0.4,0.3839285714285714,0.18181818181818182,-0.2618924633082486,1,6,3,5
posterior_midline,S006,R04,R08+R12,30,15,0.3333333333333333,0.3125,0.5,-0.46770717334674267,5,3,7,0
posterior_midline,S006,R08,R04+R12,30,15,0.4,0.4107142857142857,0.3076923076923077,-0.18898223650461363,2,6,3,4
posterior_midline,S006,R12,R04+R08,30,15,0.5333333333333333,0.5178571428571428,0.631578947368421,0.040291148201269014,6,2,5,2
posterior_midline,S007,R04,R08+R12,30,15,0.6666666666666666,0.6428571428571428,0.7619047619047619,0.4193139346887673,8,0,5,2
posterior_midline,S007,R08,R04+R12,30,15,0.9333333333333333,0.9375,0.9333333333333333,0.875,7,1,0,7
posterior_midline,S007,R12,R04+R08,30,15,0.9333333333333333,0.9285714285714286,0.9230769230769231,0.8728715609439694,6,1,0,8
posterior_midline,S008,R04,R08+R12,30,15,0.5333333333333333,0.5178571428571428,0.36363636363636365,0.040291148201269014,2,5,2,6
posterior_midline,S008,R08,R04+R12,30,15,0.26666666666666666,0.2857142857142857,0.42105263157894735,-0.5345224838248488,4,3,8,0
posterior_midline,S008,R12,R04+R08,30,15,0.5333333333333333,0.5625,0.2222222222222222,0.25,1,7,0,7
posterior_midline,S009,R04,R08+R12,30,15,0.4666666666666667,0.4642857142857143,0.5,-0.07142857142857142,4,4,4,3
posterior_midline,S009,R08,R04+R12,30,15,0.5333333333333333,0.5,0.6956521739130435,0.0,8,0,7,0
posterior_midline,S009,R12,R04+R08,30,15,0.4,0.39285714285714285,0.47058823529411764,-0.21821789023599236,4,4,5,2
posterior_midline,S010,R04,R08+R12,30,15,0.8666666666666667,0.8660714285714286,0.875,0.7321428571428571,7,1,1,6
posterior_midline,S010,R08,R04+R12,30,15,0.6666666666666666,0.6517857142857143,0.7368421052631579,0.3424747597107866,7,1,4,3
posterior_midline,S010,R12,R04+R08,30,15,0.6,0.5982142857142857,0.625,0.19642857142857142,5,3,3,4
central_wide,S001,R04,R08+R12,30,15,0.6,0.625,0.4,0.36689969285267143,2,6,0,7
central_wide,S001,R08,R04+R12,30,15,0.5333333333333333,0.5446428571428572,0.46153846153846156,0.09449111825230681,3,5,2,5
central_wide,S001,R12,R04+R08,30,15,0.6666666666666666,0.6785714285714286,0.7058823529411765,0.37796447300922725,6,1,4,4
central_wide,S002,R04,R08+R12,30,15,0.8666666666666667,0.8660714285714286,0.8571428571428571,0.7321428571428571,6,1,1,7
central_wide,S002,R08,R04+R12,30,15,0.8,0.8035714285714286,0.8,0.6071428571428571,6,2,1,6
central_wide,S002,R12,R04+R08,30,15,0.6666666666666666,0.6428571428571428,0.7619047619047619,0.4193139346887673,8,0,5,2
central_wide,S003,R04,R08+R12,30,15,0.6666666666666666,0.6696428571428572,0.6666666666666666,0.3392857142857143,5,3,2,5
central_wide,S003,R08,R04+R12,30,15,0.7333333333333333,0.7321428571428572,0.7142857142857143,0.4642857142857143,5,2,2,6
central_wide,S003,R12,R04+R08,30,15,0.4666666666666667,0.4375,0.6363636363636364,-0.25,7,1,7,0
central_wide,S004,R04,R08+R12,30,15,0.6666666666666666,0.6517857142857143,0.7368421052631579,0.3424747597107866,7,1,4,3
central_wide,S004,R08,R04+R12,30,15,0.6666666666666666,0.6696428571428572,0.6666666666666666,0.3392857142857143,5,2,3,5
central_wide,S004,R12,R04+R08,30,15,0.6,0.6160714285714286,0.5,0.2618924633082486,3,5,1,6
central_wide,S005,R04,R08+R12,30,15,0.5333333333333333,0.5446428571428572,0.5882352941176471,0.09449111825230681,5,2,5,3
central_wide,S005,R08,R04+R12,30,15,0.26666666666666666,0.26785714285714285,0.26666666666666666,-0.4642857142857143,2,5,6,2
central_wide,S005,R12,R04+R08,30,15,0.3333333333333333,0.33035714285714285,0.2857142857142857,-0.3392857142857143,2,5,5,3
central_wide,S006,R04,R08+R12,30,15,0.5333333333333333,0.5089285714285714,0.6666666666666666,0.026207120918047958,7,1,6,1
central_wide,S006,R08,R04+R12,30,15,0.5333333333333333,0.5267857142857143,0.5882352941176471,0.05455447255899809,5,3,4,3
central_wide,S006,R12,R04+R08,30,15,0.6,0.6160714285714286,0.5,0.2618924633082486,3,5,1,6
central_wide,S007,R04,R08+R12,30,15,0.9333333333333333,0.9375,0.9333333333333333,0.875,7,1,0,7
central_wide,S007,R08,R04+R12,30,15,0.9333333333333333,0.9375,0.9333333333333333,0.875,7,1,0,7
central_wide,S007,R12,R04+R08,30,15,1.0,1.0,1.0,1.0,7,0,0,8
central_wide,S008,R04,R08+R12,30,15,0.4,0.42857142857142855,0.5714285714285714,-0.2857142857142857,6,1,8,0
central_wide,S008,R08,R04+R12,30,15,0.3333333333333333,0.3392857142857143,0.375,-0.32732683535398854,3,4,6,2
central_wide,S008,R12,R04+R08,30,15,0.4666666666666667,0.5,0.0,0.0,0,8,0,7
central_wide,S009,R04,R08+R12,30,15,0.5333333333333333,0.5089285714285714,0.6666666666666666,0.026207120918047958,7,1,6,1
central_wide,S009,R08,R04+R12,30,15,0.4666666666666667,0.49107142857142855,0.2,-0.026207120918047958,1,7,1,6
central_wide,S009,R12,R04+R08,30,15,0.5333333333333333,0.5535714285714286,0.36363636363636365,0.1336306209562122,2,6,1,6
central_wide,S010,R04,R08+R12,30,15,0.6666666666666666,0.6607142857142857,0.7058823529411765,0.32732683535398854,6,2,3,4
central_wide,S010,R08,R04+R12,30,15,0.6,0.5982142857142857,0.625,0.19642857142857142,5,3,3,4
central_wide,S010,R12,R04+R08,30,15,0.6666666666666666,0.6785714285714286,0.6153846153846154,0.37796447300922725,4,4,1,6
frontal_nearby,S001,R04,R08+R12,30,15,0.8,0.8125,0.7692307692307693,0.6614378277661477,5,3,0,7
frontal_nearby,S001,R08,R04+R12,30,15,0.6666666666666666,0.6785714285714286,0.6153846153846154,0.37796447300922725,4,4,1,6
frontal_nearby,S001,R12,R04+R08,30,15,0.6,0.625,0.7,0.36689969285267143,7,0,6,2
frontal_nearby,S002,R04,R08+R12,30,15,0.7333333333333333,0.7142857142857143,0.6,0.5345224838248488,3,4,0,8
frontal_nearby,S002,R08,R04+R12,30,15,0.8666666666666667,0.8660714285714286,0.875,0.7321428571428571,7,1,1,6
frontal_nearby,S002,R12,R04+R08,30,15,0.7333333333333333,0.7232142857142857,0.7777777777777778,0.472455591261534,7,1,3,4
frontal_nearby,S003,R04,R08+R12,30,15,0.4,0.41964285714285715,0.18181818181818182,-0.2004459314343183,1,7,2,5
frontal_nearby,S003,R08,R04+R12,30,15,0.4666666666666667,0.5,0.6363636363636364,0.0,7,0,8,0
frontal_nearby,S003,R12,R04+R08,30,15,0.4,0.42857142857142855,0.0,-0.2857142857142857,0,8,1,6
frontal_nearby,S004,R04,R08+R12,30,15,0.7333333333333333,0.7142857142857143,0.8,0.5345224838248488,8,0,4,3
frontal_nearby,S004,R08,R04+R12,30,15,0.6666666666666666,0.6875,0.7368421052631579,0.46770717334674267,7,0,5,3
frontal_nearby,S004,R12,R04+R08,30,15,0.6666666666666666,0.6875,0.5454545454545454,0.46770717334674267,3,5,0,7
frontal_nearby,S005,R04,R08+R12,30,15,0.5333333333333333,0.5178571428571428,0.36363636363636365,0.040291148201269014,2,5,2,6
frontal_nearby,S005,R08,R04+R12,30,15,0.5333333333333333,0.5089285714285714,0.2222222222222222,0.026207120918047958,1,6,1,7
frontal_nearby,S005,R12,R04+R08,30,15,0.6,0.625,0.7,0.36689969285267143,7,0,6,2
frontal_nearby,S006,R04,R08+R12,30,15,0.3333333333333333,0.35714285714285715,0.0,-0.4193139346887673,0,8,2,5
frontal_nearby,S006,R08,R04+R12,30,15,0.6,0.5714285714285714,0.7272727272727273,0.2857142857142857,8,0,6,1
frontal_nearby,S006,R12,R04+R08,30,15,0.3333333333333333,0.3392857142857143,0.2857142857142857,-0.32732683535398854,2,6,4,3
frontal_nearby,S007,R04,R08+R12,30,15,0.9333333333333333,0.9285714285714286,0.9411764705882353,0.8728715609439694,8,0,1,6
frontal_nearby,S007,R08,R04+R12,30,15,0.9333333333333333,0.9375,0.9333333333333333,0.875,7,1,0,7
frontal_nearby,S007,R12,R04+R08,30,15,0.8666666666666667,0.8660714285714286,0.8571428571428571,0.7321428571428571,6,1,1,7
frontal_nearby,S008,R04,R08+R12,30,15,0.4666666666666667,0.5,0.6363636363636364,0.0,7,0,8,0
frontal_nearby,S008,R08,R04+R12,30,15,0.4,0.4107142857142857,0.47058823529411764,-0.18898223650461363,4,3,6,2
frontal_nearby,S008,R12,R04+R08,30,15,0.5333333333333333,0.5357142857142857,0.5333333333333333,0.07142857142857142,4,4,3,4
frontal_nearby,S009,R04,R08+R12,30,15,0.5333333333333333,0.5267857142857143,0.5882352941176471,0.05455447255899809,5,3,4,3
frontal_nearby,S009,R08,R04+R12,30,15,0.5333333333333333,0.5446428571428572,0.46153846153846156,0.09449111825230681,3,5,2,5
frontal_nearby,S009,R12,R04+R08,30,15,0.6,0.5892857142857143,0.6666666666666666,0.18898223650461363,6,2,4,3
frontal_nearby,S010,R04,R08+R12,30,15,0.7333333333333333,0.75,0.6666666666666666,0.5640760748177662,4,4,0,7
frontal_nearby,S010,R08,R04+R12,30,15,0.6666666666666666,0.6607142857142857,0.7058823529411765,0.32732683535398854,6,2,3,4
frontal_nearby,S010,R12,R04+R08,30,15,0.6666666666666666,0.6696428571428572,0.6666666666666666,0.3392857142857143,5,3,2,5
posterior_nearby,S001,R04,R08+R12,30,15,0.7333333333333333,0.75,0.6666666666666666,0.5640760748177662,4,4,0,7
posterior_nearby,S001,R08,R04+R12,30,15,0.6666666666666666,0.6785714285714286,0.6153846153846154,0.37796447300922725,4,4,1,6
posterior_nearby,S001,R12,R04+R08,30,15,0.8,0.8125,0.8235294117647058,0.6614378277661477,7,0,3,5
posterior_nearby,S002,R04,R08+R12,30,15,0.8666666666666667,0.8660714285714286,0.8571428571428571,0.7321428571428571,6,1,1,7
posterior_nearby,S002,R08,R04+R12,30,15,1.0,1.0,1.0,1.0,8,0,0,7
posterior_nearby,S002,R12,R04+R08,30,15,0.7333333333333333,0.7142857142857143,0.8,0.5345224838248488,8,0,4,3
posterior_nearby,S003,R04,R08+R12,30,15,0.6666666666666666,0.6517857142857143,0.7368421052631579,0.3424747597107866,7,1,4,3
posterior_nearby,S003,R08,R04+R12,30,15,0.6666666666666666,0.6607142857142857,0.6153846153846154,0.32732683535398854,4,3,2,6
posterior_nearby,S003,R12,R04+R08,30,15,0.6,0.6071428571428572,0.5714285714285714,0.21821789023599236,4,4,2,5
posterior_nearby,S004,R04,R08+R12,30,15,0.5333333333333333,0.5,0.6956521739130435,0.0,8,0,7,0
posterior_nearby,S004,R08,R04+R12,30,15,0.8,0.7946428571428572,0.7692307692307693,0.600099198148979,5,2,1,7
posterior_nearby,S004,R12,R04+R08,30,15,0.7333333333333333,0.7321428571428572,0.75,0.4642857142857143,6,2,2,5
posterior_nearby,S005,R04,R08+R12,30,15,0.5333333333333333,0.5357142857142857,0.5333333333333333,0.07142857142857142,4,3,4,4
posterior_nearby,S005,R08,R04+R12,30,15,0.6666666666666666,0.6607142857142857,0.6153846153846154,0.32732683535398854,4,3,2,6
posterior_nearby,S005,R12,R04+R08,30,15,0.4666666666666667,0.4642857142857143,0.42857142857142855,-0.07142857142857142,3,4,4,4
posterior_nearby,S006,R04,R08+R12,30,15,0.6,0.5803571428571428,0.7,0.2004459314343183,7,1,5,2
posterior_nearby,S006,R08,R04+R12,30,15,0.5333333333333333,0.5267857142857143,0.5882352941176471,0.05455447255899809,5,3,4,3
posterior_nearby,S006,R12,R04+R08,30,15,0.6,0.5982142857142857,0.625,0.19642857142857142,5,3,3,4
posterior_nearby,S007,R04,R08+R12,30,15,0.8666666666666667,0.8571428571428572,0.8888888888888888,0.7559289460184545,8,0,2,5
posterior_nearby,S007,R08,R04+R12,30,15,0.9333333333333333,0.9375,0.9333333333333333,0.875,7,1,0,7
posterior_nearby,S007,R12,R04+R08,30,15,1.0,1.0,1.0,1.0,7,0,0,8
posterior_nearby,S008,R04,R08+R12,30,15,0.5333333333333333,0.5535714285714286,0.631578947368421,0.1336306209562122,6,1,6,2
posterior_nearby,S008,R08,R04+R12,30,15,0.6,0.5982142857142857,0.5714285714285714,0.19642857142857142,4,3,3,5
posterior_nearby,S008,R12,R04+R08,30,15,0.5333333333333333,0.5625,0.2222222222222222,0.25,1,7,0,7
posterior_nearby,S009,R04,R08+R12,30,15,0.4,0.4107142857142857,0.3076923076923077,-0.18898223650461363,2,6,3,4
posterior_nearby,S009,R08,R04+R12,30,15,0.7333333333333333,0.7142857142857143,0.8,0.5345224838248488,8,0,4,3
posterior_nearby,S009,R12,R04+R08,30,15,0.6666666666666666,0.6428571428571428,0.7619047619047619,0.4193139346887673,8,0,5,2
posterior_nearby,S010,R04,R08+R12,30,15,0.6666666666666666,0.6428571428571428,0.7619047619047619,0.4193139346887673,8,0,5,2
posterior_nearby,S010,R08,R04+R12,30,15,0.6,0.5892857142857143,0.6666666666666666,0.18898223650461363,6,2,4,3
posterior_nearby,S010,R12,R04+R08,30,15,0.7333333333333333,0.75,0.6666666666666666,0.5640760748177662,4,4,0,7
