subject,test_run,train_runs,train_trials,test_trials,accuracy,balanced_accuracy,f1,mcc,cm_11,cm_12,cm_21,cm_22
S001,R04,R08+R12,30,15,0.7333333333333333,0.75,0.6666666666666666,0.5640760748177662,4,4,0,7
S001,R08,R04+R12,30,15,0.6,0.6160714285714286,0.5,0.2618924633082486,3,5,1,6
S001,R12,R04+R08,30,15,0.7333333333333333,0.75,0.7777777777777778,0.5640760748177662,7,0,4,4
S002,R04,R08+R12,30,15,0.9333333333333333,0.9375,0.9333333333333333,0.875,7,0,1,7
S002,R08,R04+R12,30,15,0.9333333333333333,0.9375,0.9333333333333333,0.875,7,1,0,7
S002,R12,R04+R08,30,15,0.8,0.7857142857142857,0.8421052631578947,0.6446583712203042,8,0,3,4
S003,R04,R08+R12,30,15,0.4666666666666667,0.48214285714285715,0.3333333333333333,-0.040291148201269014,2,6,2,5
S003,R08,R04+R12,30,15,0.6,0.625,0.7,0.36689969285267143,7,0,6,2
S003,R12,R04+R08,30,15,0.5333333333333333,0.5446428571428572,0.46153846153846156,0.09449111825230681,3,5,2,5
S004,R04,R08+R12,30,15,0.6666666666666666,0.6428571428571428,0.7619047619047619,0.4193139346887673,8,0,5,2
S004,R08,R04+R12,30,15,0.7333333333333333,0.7321428571428572,0.7142857142857143,0.4642857142857143,5,2,2,6
S004,R12,R04+R08,30,15,0.8,0.8125,0.7692307692307693,0.6614378277661477,5,3,0,7
S005,R04,R08+R12,30,15,0.6,0.5803571428571428,0.4,0.2004459314343183,2,5,1,7
S005,R08,R04+R12,30,15,0.4666666666666667,0.4464285714285714,0.2,-0.1336306209562122,1,6,2,6
S005,R12,R04+R08,30,15,0.5333333333333333,0.5446428571428572,0.5882352941176471,0.09449111825230681,5,2,5,3
S006,R04,R08+R12,30,15,0.4666666666666667,0.5,0.0,0.0,0,8,0,7
S006,R08,R04+R12,30,15,0.5333333333333333,0.5,0.6956521739130435,0.0,8,0,7,0
S006,R12,R04+R08,30,15,0.6,0.5982142857142857,0.625,0.19642857142857142,5,3,3,4
S007,R04,R08+R12,30,15,0.9333333333333333,0.9285714285714286,0.9411764705882353,0.8728715609439694,8,0,1,6
S007,R08,R04+R12,30,15,0.9333333333333333,0.9375,0.9333333333333333,0.875,7,1,0,7
S007,R12,R04+R08,30,15,1.0,1.0,1.0,1.0,7,0,0,8
S008,R04,R08+R12,30,15,0.4666666666666667,0.5,0.6363636363636364,0.0,7,0,8,0
S008,R08,R04+R12,30,15,0.4,0.41964285714285715,0.5263157894736842,-0.2004459314343183,5,2,7,1
S008,R12,R04+R08,30,15,0.3333333333333333,0.3392857142857143,0.2857142857142857,-0.32732683535398854,2,6,4,3
S009,R04,R08+R12,30,15,0.3333333333333333,0.3214285714285714,0.4444444444444444,-0.37796447300922725,4,4,6,1
S009,R08,R04+R12,30,15,0.5333333333333333,0.5178571428571428,0.631578947368421,0.040291148201269014,6,2,5,2
S009,R12,R04+R08,30,15,0.5333333333333333,0.5178571428571428,0.631578947368421,0.040291148201269014,6,2,5,2
S010,R04,R08+R12,30,15,0.8,0.8035714285714286,0.8,0.6071428571428571,6,2,1,6
S010,R08,R04+R12,30,15,0.6666666666666666,0.6517857142857143,0.7368421052631579,0.3424747597107866,7,1,4,3
S010,R12,R04+R08,30,15,0.7333333333333333,0.75,0.6666666666666666,0.5640760748177662,4,4,0,7
