subject,component,channel,pattern,filter,test_run,train_runs
S001,1,FC3,-3.1332359580350165e-06,-1859.3163388081373,R04,R08+R12
S001,1,FC4,6.769256911314458e-09,10310.98139783507,R04,R08+R12
S001,1,C3,-8.47990234618821e-06,107460.2891343984,R04,R08+R12
S001,1,C4,-1.4184905923465297e-06,-37989.67048474361,R04,R08+R12
S001,1,CP3,-1.4861893375011538e-05,-135878.9987135633,R04,R08+R12
S001,1,CP4,-3.055164151271034e-06,54972.46275384139,R04,R08+R12
S001,2,FC3,7.852409763626645e-06,23294.46509317962,R04,R08+R12
S001,2,FC4,7.3210115878097504e-06,-87492.00859367623,R04,R08+R12
S001,2,C3,9.897249504867745e-06,-21036.197820990794,R04,R08+R12
S001,2,C4,1.5109961068675217e-05,110785.53076012853,R04,R08+R12
S001,2,CP3,1.1857585009487035e-05,-3931.7568024555526,R04,R08+R12
S001,2,CP4,1.9296410842738244e-05,1993.5782962027072,R04,R08+R12
S001,3,FC3,1.8304782434265588e-05,107064.60365586629,R04,R08+R12
S001,3,FC4,5.369623530456017e-06,-52794.39517104396,R04,R08+R12
S001,3,C3,1.2237280532285197e-05,-95737.85991409494,R04,R08+R12
S001,3,C4,3.0308464993712826e-06,68595.03722039305,R04,R08+R12
S001,3,CP3,9.376710518511902e-06,35790.62734854862,R04,R08+R12
S001,3,CP4,9.620359383285734e-07,-50140.10272446634,R04,R08+R12
S001,4,FC3,-5.501412418514581e-06,23015.605541659475,R04,R08+R12
S001,4,FC4,-1.5251102427545963e-05,-11772.742384164394,R04,R08+R12
S001,4,C3,-4.541004032626527e-06,8775.924592904263,R04,R08+R12
S001,4,C4,-1.177787319204722e-05,-128271.56847369247,R04,R08+R12
S001,4,CP3,-3.721965205294076e-06,-18699.815769078534,R04,R08+R12
S001,4,CP4,-5.787840624980253e-06,102532.84818276689,R04,R08+R12
S007,1,FC3,-1.4048552379134715e-06,24543.86827393652,R04,R08+R12
S007,1,FC4,2.10797926152294e-06,-130768.8812913535,R04,R08+R12
S007,1,C3,-3.41114280831829e-07,6292.773214425694,R04,R08+R12
S007,1,C4,1.0867329920721144e-05,187050.8728071167,R04,R08+R12
S007,1,CP3,9.686054149115367e-07,-12439.092034220794,R04,R08+R12
S007,1,CP4,1.2202222761170823e-05,-58055.7954227496,R04,R08+R12
S007,2,FC3,-6.717903318438317e-06,80255.65993284443,R04,R08+R12
S007,2,FC4,-2.4858815248104815e-06,40444.61719052721,R04,R08+R12
S007,2,C3,-1.3697753127922547e-05,-118189.28972823487,R04,R08+R12
S007,2,C4,-2.7236656935369577e-06,-62913.524724898525,R04,R08+R12
S007,2,CP3,-1.6537906690332936e-05,-4128.900420110623,R04,R08+R12
S007,2,CP4,-3.957429955909957e-06,55307.66267407784,R04,R08+R12
S007,3,FC3,4.069829530560693e-06,-104926.67467383701,R04,R08+R12
S007,3,FC4,3.903578261138152e-06,27930.36121826162,R04,R08+R12
S007,3,C3,3.845739285118038e-06,290325.46869243926,R04,R08+R12
S007,3,C4,2.78090153062414e-06,-89376.33660517998,R04,R08+R12
S007,3,CP3,-1.0961737201722867e-06,-208221.8579803268,R04,R08+R12
S007,3,CP4,2.5394299746872405e-06,87337.99814413539,R04,R08+R12
S007,4,FC3,-1.3977291747462598e-05,48918.393207803456,R04,R08+R12
S007,4,FC4,-1.9930733442215874e-05,-98237.40291952959,R04,R08+R12
S007,4,C3,-1.3864690387957921e-05,22964.727111694316,R04,R08+R12
S007,4,C4,-1.7419810865506827e-05,-4900.793345214482,R04,R08+R12
S007,4,CP3,-1.404252327598641e-05,-30504.77306851198,R04,R08+R12
S007,4,CP4,-1.5634942639517952e-05,30030.99509528277,R04,R08+R12
S008,1,FC3,5.994249805564409e-06,67839.76211800186,R04,R08+R12
S008,1,FC4,5.074488227716201e-06,-131104.33996342335,R04,R08+R12
S008,1,C3,4.986663181478337e-06,-25598.29029936858,R04,R08+R12
S008,1,C4,1.0047568132073601e-05,194102.17929299158,R04,R08+R12
S008,1,CP3,4.573155769424159e-06,-9004.205826203324,R04,R08+R12
S008,1,CP4,7.900646412879523e-06,-66170.31155181062,R04,R08+R12
S008,2,FC3,-4.093672920736803e-06,53728.31975508027,R04,R08+R12
S008,2,FC4,-6.169933699982899e-06,-109237.2823125795,R04,R08+R12
S008,2,C3,-1.7235170589252873e-06,-136488.1675424961,R04,R08+R12
S008,2,C4,-4.035024175792306e-06,84086.5415950404,R04,R08+R12
S008,2,CP3,1.571947197164515e-06,193178.8899968459,R04,R08+R12
S008,2,CP4,-3.355745782239365e-06,-103209.2205756783,R04,R08+R12
S008,3,FC3,-1.4136888236817585e-06,-123400.23312803269,R04,R08+R12
S008,3,FC4,1.2650931753570653e-06,37054.53070676879,R04,R08+R12
S008,3,C3,3.7022457710951976e-06,94401.11775782639,R04,R08+R12
S008,3,C4,4.8428480256749485e-06,-69118.8867775068,R04,R08+R12
S008,3,CP3,5.898552800669849e-06,-18037.220316116498,R04,R08+R12
S008,3,CP4,8.01508831639807e-06,108583.04027256784,R04,R08+R12
S008,4,FC3,-4.523119444268658e-06,86838.67739908266,R04,R08+R12
S008,4,FC4,-2.8440383138241937e-06,22052.19719488562,R04,R08+R12
S008,4,C3,-6.936277849375653e-06,-259566.00549995175,R04,R08+R12
S008,4,C4,-1.3881685252710302e-06,-49278.2589428751,R04,R08+R12
S008,4,CP3,-4.526528189879289e-06,95834.43377195799,R04,R08+R12
S008,4,CP4,2.2497292198171602e-07,90978.98266746606,R04,R08+R12
